Workload_ID,MessageName,   Src_App,   Dst_App,    App_ID,SubmitTime,Pr:StartTime,Pr:EndTime,Pr:CPUTime,   Pr:Size,Tr:StartTime,Tr:EndTime,Tr:NetworkTime,   Tr:Size,Tr:Channel,Pr:StartTime,Pr:EndTime,Pr:CPUTime,   Pr:Size,ResponseTime,
 2, msg01, 10.31.40.1, 10.31.40.6, 0, 0.0000021, 0, 0, 0, 0, 0.0000021, 0.00000274, 0.00000064, 6.4, -1, 0.00000274, 0.00000274, 0, 0,0.00000115,
 1, msg02, 10.31.40.3, 10.31.40.2, 0, 0.0000021, 0, 0, 0, 0, 0.0000021, 0.00000354, 0.00000144, 7.2, -1, 0.00000354, 0.00000354, 0, 0,0.00000195,
 0, msg05, 10.31.40.6, 10.31.40.1, 0, 0.0000021, 0, 0, 0, 0, 0.0000021, 0.00000386, 0.00000176, 8.8, -1, 0.00000386, 0.00000386, 0, 0,0.00000230,
 3, msg06, 10.31.40.8, 10.31.40.4, 0, 0.0000031, 0, 0, 0, 0, 0.0000031, 0.00000428, 0.00000118, 8, -1, 0.00000428, 0.00000428, 0, 0,0.00000168,
 4, msg03, 10.31.40.4, 10.31.40.3, 0, 0.0000051, 0, 0, 0, 0, 0.0000051, 0.00000606, 0.00000096, 9.6, -1, 0.00000606, 0.00000606, 0, 0,0.00000148,
 5, msg04, 10.31.40.5, 10.31.40.7, 0, 0.0000061, 0, 0, 0, 0, 0.0000061, 0.00000682, 0.00000072, 7.2, -1, 0.00000682, 0.00000682, 0, 0,0.00000127,
 6, msg02, 10.31.40.3, 10.31.40.2, 0, 0.0000131, 0, 0, 0, 0, 0.0000131, 0.00001382, 0.00000072, 7.2, -1, 0.00001382, 0.00001382, 0, 0,0.00000125,
 7, msg06, 10.31.40.8, 10.31.40.4, 0, 0.0000141, 0, 0, 0, 0, 0.0000141, 0.0000149, 0.0000008, 8, -1, 0.0000149, 0.0000149, 0, 0,0.00000130,
 8, msg03, 10.31.40.4, 10.31.40.3, 0, 0.0000161, 0, 0, 0, 0, 0.0000161, 0.00001706, 0.00000096, 9.6, -1, 0.00001706, 0.00001706, 0, 0,0.00000151,
 9, msg04, 10.31.40.5, 10.31.40.7, 0, 0.0000171, 0, 0, 0, 0, 0.0000171, 0.00001782, 0.00000072, 7.2, -1, 0.00001782, 0.00001782, 0, 0,0.00000126,
 10, msg02, 10.31.40.3, 10.31.40.2, 0, 0.0000221, 0, 0, 0, 0, 0.0000221, 0.00002282, 0.00000072, 7.2, -1, 0.00002282, 0.00002282, 0, 0,0.00000126,
 11, msg02, 10.31.40.3, 10.31.40.2, 0, 0.0000321, 0, 0, 0, 0, 0.0000321, 0.00003282, 0.00000072, 7.2, -1, 0.00003282, 0.00003282, 0, 0,0.00000126,
 13, msg02, 10.31.40.3, 10.31.40.2, 0, 0.0000421, 0, 0, 0, 0, 0.0000421, 0.00004354, 0.00000144, 7.2, -1, 0.00004354, 0.00004354, 0, 0,0.00000194,
 12, msg05, 10.31.40.6, 10.31.40.1, 0, 0.0000421, 0, 0, 0, 0, 0.0000421, 0.00004386, 0.00000176, 8.8, -1, 0.00004386, 0.00004386, 0, 0,0.00000237,
 14, msg06, 10.31.40.8, 10.31.40.4, 0, 0.0000431, 0, 0, 0, 0, 0.0000431, 0.00004428, 0.00000118, 8, -1, 0.00004428, 0.00004428, 0, 0,0.00000176,
 16, msg01, 10.31.40.1, 10.31.40.6, 0, 0.0000521, 0, 0, 0, 0, 0.0000521, 0.00005274, 0.00000064, 6.4, -1, 0.00005274, 0.00005274, 0, 0,0.00000116,
 15, msg02, 10.31.40.3, 10.31.40.2, 0, 0.0000521, 0, 0, 0, 0, 0.0000521, 0.00005282, 0.00000072, 7.2, -1, 0.00005282, 0.00005282, 0, 0,0.00000127,
 17, msg06, 10.31.40.8, 10.31.40.4, 0, 0.0000531, 0, 0, 0, 0, 0.0000531, 0.0000539, 0.0000008, 8, -1, 0.0000539, 0.0000539, 0, 0,0.00000131,
 18, msg02, 10.31.40.3, 10.31.40.2, 0, 0.0000621, 0, 0, 0, 0, 0.0000621, 0.00006282, 0.00000072, 7.2, -1, 0.00006282, 0.00006282, 0, 0,0.00000124,
 19, msg03, 10.31.40.4, 10.31.40.3, 0, 0.0000651, 0, 0, 0, 0, 0.0000651, 0.00006606, 0.00000096, 9.6, -1, 0.00006606, 0.00006606, 0, 0,0.00000153,
 20, msg02, 10.31.40.3, 10.31.40.2, 0, 0.0000721, 0, 0, 0, 0, 0.0000721, 0.00007282, 0.00000072, 7.2, -1, 0.00007282, 0.00007282, 0, 0,0.00000127,
 21, msg03, 10.31.40.4, 10.31.40.3, 0, 0.0000751, 0, 0, 0, 0, 0.0000751, 0.00007606, 0.00000096, 9.6, -1, 0.00007606, 0.00007606, 0, 0,0.00000152,
 23, msg02, 10.31.40.3, 10.31.40.2, 0, 0.0000821, 0, 0, 0, 0, 0.0000821, 0.00008354, 0.00000144, 7.2, -1, 0.00008354, 0.00008354, 0, 0,0.00000200,
 22, msg05, 10.31.40.6, 10.31.40.1, 0, 0.0000821, 0, 0, 0, 0, 0.0000821, 0.00008386, 0.00000176, 8.8, -1, 0.00008386, 0.00008386, 0, 0,0.00000237,
 24, msg06, 10.31.40.8, 10.31.40.4, 0, 0.0000831, 0, 0, 0, 0, 0.0000831, 0.00008428, 0.00000118, 8, -1, 0.00008428, 0.00008428, 0, 0,0.00000172,
 25, msg02, 10.31.40.3, 10.31.40.2, 0, 0.0000921, 0, 0, 0, 0, 0.0000921, 0.00009282, 0.00000072, 7.2, -1, 0.00009282, 0.00009282, 0, 0,0.00000125,
 26, msg06, 10.31.40.8, 10.31.40.4, 0, 0.0000931, 0, 0, 0, 0, 0.0000931, 0.0000939, 0.0000008, 8, -1, 0.0000939, 0.0000939, 0, 0,0.00000133,
 27, msg04, 10.31.40.5, 10.31.40.7, 0, 0.0000961, 0, 0, 0, 0, 0.0000961, 0.00009682, 0.00000072, 7.2, -1, 0.00009682, 0.00009682, 0, 0,0.00000124,
 29, msg01, 10.31.40.1, 10.31.40.6, 0, 0.0001021, 0, 0, 0, 0, 0.0001021, 0.00010274, 0.00000064, 6.4, -1, 0.00010274, 0.00010274, 0, 0,0.00000114,
 28, msg02, 10.31.40.3, 10.31.40.2, 0, 0.0001021, 0, 0, 0, 0, 0.0001021, 0.00010282, 0.00000072, 7.2, -1, 0.00010282, 0.00010282, 0, 0,0.00000127,
 30, msg04, 10.31.40.5, 10.31.40.7, 0, 0.0001061, 0, 0, 0, 0, 0.0001061, 0.00010682, 0.00000072, 7.2, -1, 0.00010682, 0.00010682, 0, 0,0.00000123,
 31, msg02, 10.31.40.3, 10.31.40.2, 0, 0.0001121, 0, 0, 0, 0, 0.0001121, 0.00011282, 0.00000072, 7.2, -1, 0.00011282, 0.00011282, 0, 0,0.00000124,
 33, msg02, 10.31.40.3, 10.31.40.2, 0, 0.0001221, 0, 0, 0, 0, 0.0001221, 0.00012354, 0.00000144, 7.2, -1, 0.00012354, 0.00012354, 0, 0,0.00000200,
 32, msg05, 10.31.40.6, 10.31.40.1, 0, 0.0001221, 0, 0, 0, 0, 0.0001221, 0.00012386, 0.00000176, 8.8, -1, 0.00012386, 0.00012386, 0, 0,0.00000236,
 34, msg06, 10.31.40.8, 10.31.40.4, 0, 0.0001231, 0, 0, 0, 0, 0.0001231, 0.00012428, 0.00000118, 8, -1, 0.00012428, 0.00012428, 0, 0,0.00000168,
 35, msg03, 10.31.40.4, 10.31.40.3, 0, 0.0001251, 0, 0, 0, 0, 0.0001251, 0.00012606, 0.00000096, 9.6, -1, 0.00012606, 0.00012606, 0, 0,0.00000147,
 36, msg02, 10.31.40.3, 10.31.40.2, 0, 0.0001321, 0, 0, 0, 0, 0.0001321, 0.00013282, 0.00000072, 7.2, -1, 0.00013282, 0.00013282, 0, 0,0.00000126,
 37, msg06, 10.31.40.8, 10.31.40.4, 0, 0.0001331, 0, 0, 0, 0, 0.0001331, 0.0001339, 0.0000008, 8, -1, 0.0001339, 0.0001339, 0, 0,0.00000132,
 38, msg03, 10.31.40.4, 10.31.40.3, 0, 0.0001351, 0, 0, 0, 0, 0.0001351, 0.00013606, 0.00000096, 9.6, -1, 0.00013606, 0.00013606, 0, 0,0.00000148,
 39, msg02, 10.31.40.3, 10.31.40.2, 0, 0.0001421, 0, 0, 0, 0, 0.0001421, 0.00014282, 0.00000072, 7.2, -1, 0.00014282, 0.00014282, 0, 0,0.00000128,
 41, msg01, 10.31.40.1, 10.31.40.6, 0, 0.0001521, 0, 0, 0, 0, 0.0001521, 0.00015274, 0.00000064, 6.4, -1, 0.00015274, 0.00015274, 0, 0,0.00000118,
 40, msg02, 10.31.40.3, 10.31.40.2, 0, 0.0001521, 0, 0, 0, 0, 0.0001521, 0.00015282, 0.00000072, 7.2, -1, 0.00015282, 0.00015282, 0, 0,0.00000127,
 42, msg02, 10.31.40.3, 10.31.40.2, 0, 0.0001621, 0, 0, 0, 0, 0.0001621, 0.00016354, 0.00000144, 7.2, -1, 0.00016354, 0.00016354, 0, 0,0.00000194,
 43, msg05, 10.31.40.6, 10.31.40.1, 0, 0.0001621, 0, 0, 0, 0, 0.0001621, 0.00016386, 0.00000176, 8.8, -1, 0.00016386, 0.00016386, 0, 0,0.00000236,
 44, msg06, 10.31.40.8, 10.31.40.4, 0, 0.0001631, 0, 0, 0, 0, 0.0001631, 0.00016428, 0.00000118, 8, -1, 0.00016428, 0.00016428, 0, 0,0.00000170,
 45, msg02, 10.31.40.3, 10.31.40.2, 0, 0.0001721, 0, 0, 0, 0, 0.0001721, 0.00017282, 0.00000072, 7.2, -1, 0.00017282, 0.00017282, 0, 0,0.00000124,
 46, msg06, 10.31.40.8, 10.31.40.4, 0, 0.0001731, 0, 0, 0, 0, 0.0001731, 0.0001739, 0.0000008, 8, -1, 0.0001739, 0.0001739, 0, 0,0.00000136,
 47, msg02, 10.31.40.3, 10.31.40.2, 0, 0.0001821, 0, 0, 0, 0, 0.0001821, 0.00018282, 0.00000072, 7.2, -1, 0.00018282, 0.00018282, 0, 0,0.00000127,
 48, msg03, 10.31.40.4, 10.31.40.3, 0, 0.0001851, 0, 0, 0, 0, 0.0001851, 0.00018606, 0.00000096, 9.6, -1, 0.00018606, 0.00018606, 0, 0,0.00000147,
 49, msg04, 10.31.40.5, 10.31.40.7, 0, 0.0001861, 0, 0, 0, 0, 0.0001861, 0.00018682, 0.00000072, 7.2, -1, 0.00018682, 0.00018682, 0, 0,0.00000125,
 50, msg02, 10.31.40.3, 10.31.40.2, 0, 0.0001921, 0, 0, 0, 0, 0.0001921, 0.00019282, 0.00000072, 7.2, -1, 0.00019282, 0.00019282, 0, 0,0.00000128,
 51, msg03, 10.31.40.4, 10.31.40.3, 0, 0.0001951, 0, 0, 0, 0, 0.0001951, 0.00019606, 0.00000096, 9.6, -1, 0.00019606, 0.00019606, 0, 0,0.00000147,
 52, msg04, 10.31.40.5, 10.31.40.7, 0, 0.0001961, 0, 0, 0, 0, 0.0001961, 0.00019682, 0.00000072, 7.2, -1, 0.00019682, 0.00019682, 0, 0,0.00000128,
 55, msg01, 10.31.40.1, 10.31.40.6, 0, 0.0002021, 0, 0, 0, 0, 0.0002021, 0.00020274, 0.00000064, 6.4, -1, 0.00020274, 0.00020274, 0, 0,0.00000117,
 53, msg02, 10.31.40.3, 10.31.40.2, 0, 0.0002021, 0, 0, 0, 0, 0.0002021, 0.00020354, 0.00000144, 7.2, -1, 0.00020354, 0.00020354, 0, 0,0.00000200,
 54, msg05, 10.31.40.6, 10.31.40.1, 0, 0.0002021, 0, 0, 0, 0, 0.0002021, 0.00020386, 0.00000176, 8.8, -1, 0.00020386, 0.00020386, 0, 0,0.00000229,
 56, msg06, 10.31.40.8, 10.31.40.4, 0, 0.0002031, 0, 0, 0, 0, 0.0002031, 0.00020428, 0.00000118, 8, -1, 0.00020428, 0.00020428, 0, 0,0.00000171,
 57, msg02, 10.31.40.3, 10.31.40.2, 0, 0.0002121, 0, 0, 0, 0, 0.0002121, 0.00021282, 0.00000072, 7.2, -1, 0.00021282, 0.00021282, 0, 0,0.00000127,
 58, msg06, 10.31.40.8, 10.31.40.4, 0, 0.0002131, 0, 0, 0, 0, 0.0002131, 0.0002139, 0.0000008, 8, -1, 0.0002139, 0.0002139, 0, 0,0.00000134,
 59, msg02, 10.31.40.3, 10.31.40.2, 0, 0.0002221, 0, 0, 0, 0, 0.0002221, 0.00022282, 0.00000072, 7.2, -1, 0.00022282, 0.00022282, 0, 0,0.00000127,
 60, msg02, 10.31.40.3, 10.31.40.2, 0, 0.0002321, 0, 0, 0, 0, 0.0002321, 0.00023282, 0.00000072, 7.2, -1, 0.00023282, 0.00023282, 0, 0,0.00000124,
 61, msg02, 10.31.40.3, 10.31.40.2, 0, 0.0002421, 0, 0, 0, 0, 0.0002421, 0.00024354, 0.00000144, 7.2, -1, 0.00024354, 0.00024354, 0, 0,0.00000195,
 62, msg05, 10.31.40.6, 10.31.40.1, 0, 0.0002421, 0, 0, 0, 0, 0.0002421, 0.00024386, 0.00000176, 8.8, -1, 0.00024386, 0.00024386, 0, 0,0.00000227,
 63, msg06, 10.31.40.8, 10.31.40.4, 0, 0.0002431, 0, 0, 0, 0, 0.0002431, 0.00024428, 0.00000118, 8, -1, 0.00024428, 0.00024428, 0, 0,0.00000176,
 64, msg03, 10.31.40.4, 10.31.40.3, 0, 0.0002451, 0, 0, 0, 0, 0.0002451, 0.00024606, 0.00000096, 9.6, -1, 0.00024606, 0.00024606, 0, 0,0.00000148,
 66, msg01, 10.31.40.1, 10.31.40.6, 0, 0.0002521, 0, 0, 0, 0, 0.0002521, 0.00025274, 0.00000064, 6.4, -1, 0.00025274, 0.00025274, 0, 0,0.00000116,
 65, msg02, 10.31.40.3, 10.31.40.2, 0, 0.0002521, 0, 0, 0, 0, 0.0002521, 0.00025282, 0.00000072, 7.2, -1, 0.00025282, 0.00025282, 0, 0,0.00000123,
 67, msg06, 10.31.40.8, 10.31.40.4, 0, 0.0002531, 0, 0, 0, 0, 0.0002531, 0.0002539, 0.0000008, 8, -1, 0.0002539, 0.0002539, 0, 0,0.00000133,
 68, msg03, 10.31.40.4, 10.31.40.3, 0, 0.0002551, 0, 0, 0, 0, 0.0002551, 0.00025606, 0.00000096, 9.6, -1, 0.00025606, 0.00025606, 0, 0,0.00000153,
 69, msg02, 10.31.40.3, 10.31.40.2, 0, 0.0002621, 0, 0, 0, 0, 0.0002621, 0.00026282, 0.00000072, 7.2, -1, 0.00026282, 0.00026282, 0, 0,0.00000125,
 70, msg02, 10.31.40.3, 10.31.40.2, 0, 0.0002721, 0, 0, 0, 0, 0.0002721, 0.00027282, 0.00000072, 7.2, -1, 0.00027282, 0.00027282, 0, 0,0.00000125,
 71, msg04, 10.31.40.5, 10.31.40.7, 0, 0.0002761, 0, 0, 0, 0, 0.0002761, 0.00027682, 0.00000072, 7.2, -1, 0.00027682, 0.00027682, 0, 0,0.00000125,
 73, msg02, 10.31.40.3, 10.31.40.2, 0, 0.0002821, 0, 0, 0, 0, 0.0002821, 0.00028354, 0.00000144, 7.2, -1, 0.00028354, 0.00028354, 0, 0,0.00000198,
 72, msg05, 10.31.40.6, 10.31.40.1, 0, 0.0002821, 0, 0, 0, 0, 0.0002821, 0.00028386, 0.00000176, 8.8, -1, 0.00028386, 0.00028386, 0, 0,0.00000234,
 74, msg06, 10.31.40.8, 10.31.40.4, 0, 0.0002831, 0, 0, 0, 0, 0.0002831, 0.00028428, 0.00000118, 8, -1, 0.00028428, 0.00028428, 0, 0,0.00000176,
 75, msg04, 10.31.40.5, 10.31.40.7, 0, 0.0002861, 0, 0, 0, 0, 0.0002861, 0.00028682, 0.00000072, 7.2, -1, 0.00028682, 0.00028682, 0, 0,0.00000124,
 76, msg02, 10.31.40.3, 10.31.40.2, 0, 0.0002921, 0, 0, 0, 0, 0.0002921, 0.00029282, 0.00000072, 7.2, -1, 0.00029282, 0.00029282, 0, 0,0.00000125,
 77, msg06, 10.31.40.8, 10.31.40.4, 0, 0.0002931, 0, 0, 0, 0, 0.0002931, 0.0002939, 0.0000008, 8, -1, 0.0002939, 0.0002939, 0, 0,0.00000131,
 79, msg01, 10.31.40.1, 10.31.40.6, 0, 0.0003021, 0, 0, 0, 0, 0.0003021, 0.00030274, 0.00000064, 6.4, -1, 0.00030274, 0.00030274, 0, 0,0.00000117,
 78, msg02, 10.31.40.3, 10.31.40.2, 0, 0.0003021, 0, 0, 0, 0, 0.0003021, 0.00030282, 0.00000072, 7.2, -1, 0.00030282, 0.00030282, 0, 0,0.00000126,
 80, msg03, 10.31.40.4, 10.31.40.3, 0, 0.0003051, 0, 0, 0, 0, 0.0003051, 0.00030606, 0.00000096, 9.6, -1, 0.00030606, 0.00030606, 0, 0,0.00000150,
 81, msg02, 10.31.40.3, 10.31.40.2, 0, 0.0003121, 0, 0, 0, 0, 0.0003121, 0.00031282, 0.00000072, 7.2, -1, 0.00031282, 0.00031282, 0, 0,0.00000126,
 82, msg03, 10.31.40.4, 10.31.40.3, 0, 0.0003151, 0, 0, 0, 0, 0.0003151, 0.00031606, 0.00000096, 9.6, -1, 0.00031606, 0.00031606, 0, 0,0.00000151,
 84, msg02, 10.31.40.3, 10.31.40.2, 0, 0.0003221, 0, 0, 0, 0, 0.0003221, 0.00032354, 0.00000144, 7.2, -1, 0.00032354, 0.00032354, 0, 0,0.00000196,
 83, msg05, 10.31.40.6, 10.31.40.1, 0, 0.0003221, 0, 0, 0, 0, 0.0003221, 0.00032386, 0.00000176, 8.8, -1, 0.00032386, 0.00032386, 0, 0,0.00000236,
 85, msg06, 10.31.40.8, 10.31.40.4, 0, 0.0003231, 0, 0, 0, 0, 0.0003231, 0.00032428, 0.00000118, 8, -1, 0.00032428, 0.00032428, 0, 0,0.00000172,
 86, msg02, 10.31.40.3, 10.31.40.2, 0, 0.0003321, 0, 0, 0, 0, 0.0003321, 0.00033282, 0.00000072, 7.2, -1, 0.00033282, 0.00033282, 0, 0,0.00000123,
 87, msg06, 10.31.40.8, 10.31.40.4, 0, 0.0003331, 0, 0, 0, 0, 0.0003331, 0.0003339, 0.0000008, 8, -1, 0.0003339, 0.0003339, 0, 0,0.00000130,
 88, msg02, 10.31.40.3, 10.31.40.2, 0, 0.0003421, 0, 0, 0, 0, 0.0003421, 0.00034282, 0.00000072, 7.2, -1, 0.00034282, 0.00034282, 0, 0,0.00000128,
 90, msg01, 10.31.40.1, 10.31.40.6, 0, 0.0003521, 0, 0, 0, 0, 0.0003521, 0.00035274, 0.00000064, 6.4, -1, 0.00035274, 0.00035274, 0, 0,0.00000114,
 89, msg02, 10.31.40.3, 10.31.40.2, 0, 0.0003521, 0, 0, 0, 0, 0.0003521, 0.00035282, 0.00000072, 7.2, -1, 0.00035282, 0.00035282, 0, 0,0.00000125,
 92, msg02, 10.31.40.3, 10.31.40.2, 0, 0.0003621, 0, 0, 0, 0, 0.0003621, 0.00036354, 0.00000144, 7.2, -1, 0.00036354, 0.00036354, 0, 0,0.00000198,
 91, msg05, 10.31.40.6, 10.31.40.1, 0, 0.0003621, 0, 0, 0, 0, 0.0003621, 0.00036386, 0.00000176, 8.8, -1, 0.00036386, 0.00036386, 0, 0,0.00000230,
 93, msg06, 10.31.40.8, 10.31.40.4, 0, 0.0003631, 0, 0, 0, 0, 0.0003631, 0.00036428, 0.00000118, 8, -1, 0.00036428, 0.00036428, 0, 0,0.00000173,
 94, msg03, 10.31.40.4, 10.31.40.3, 0, 0.0003651, 0, 0, 0, 0, 0.0003651, 0.00036606, 0.00000096, 9.6, -1, 0.00036606, 0.00036606, 0, 0,0.00000151,
 95, msg04, 10.31.40.5, 10.31.40.7, 0, 0.0003661, 0, 0, 0, 0, 0.0003661, 0.00036682, 0.00000072, 7.2, -1, 0.00036682, 0.00036682, 0, 0,0.00000126,
 96, msg02, 10.31.40.3, 10.31.40.2, 0, 0.0003721, 0, 0, 0, 0, 0.0003721, 0.00037282, 0.00000072, 7.2, -1, 0.00037282, 0.00037282, 0, 0,0.00000126,
 97, msg06, 10.31.40.8, 10.31.40.4, 0, 0.0003731, 0, 0, 0, 0, 0.0003731, 0.0003739, 0.0000008, 8, -1, 0.0003739, 0.0003739, 0, 0,0.00000133,
 98, msg03, 10.31.40.4, 10.31.40.3, 0, 0.0003751, 0, 0, 0, 0, 0.0003751, 0.00037606, 0.00000096, 9.6, -1, 0.00037606, 0.00037606, 0, 0,0.00000149,
 99, msg04, 10.31.40.5, 10.31.40.7, 0, 0.0003761, 0, 0, 0, 0, 0.0003761, 0.00037682, 0.00000072, 7.2, -1, 0.00037682, 0.00037682, 0, 0,0.00000126,
 100, msg02, 10.31.40.3, 10.31.40.2, 0, 0.0003821, 0, 0, 0, 0, 0.0003821, 0.00038282, 0.00000072, 7.2, -1, 0.00038282, 0.00038282, 0, 0,0.00000127,
 101, msg02, 10.31.40.3, 10.31.40.2, 0, 0.0003921, 0, 0, 0, 0, 0.0003921, 0.00039282, 0.00000072, 7.2, -1, 0.00039282, 0.00039282, 0, 0,0.00000123,
 104, msg01, 10.31.40.1, 10.31.40.6, 0, 0.0004021, 0, 0, 0, 0, 0.0004021, 0.00040274, 0.00000064, 6.4, -1, 0.00040274, 0.00040274, 0, 0,0.00000117,
 102, msg02, 10.31.40.3, 10.31.40.2, 0, 0.0004021, 0, 0, 0, 0, 0.0004021, 0.00040354, 0.00000144, 7.2, -1, 0.00040354, 0.00040354, 0, 0,0.00000203,
 103, msg05, 10.31.40.6, 10.31.40.1, 0, 0.0004021, 0, 0, 0, 0, 0.0004021, 0.00040386, 0.00000176, 8.8, -1, 0.00040386, 0.00040386, 0, 0,0.00000232,
 105, msg06, 10.31.40.8, 10.31.40.4, 0, 0.0004031, 0, 0, 0, 0, 0.0004031, 0.00040428, 0.00000118, 8, -1, 0.00040428, 0.00040428, 0, 0,0.00000175,
 106, msg02, 10.31.40.3, 10.31.40.2, 0, 0.0004121, 0, 0, 0, 0, 0.0004121, 0.00041282, 0.00000072, 7.2, -1, 0.00041282, 0.00041282, 0, 0,0.00000123,
 107, msg06, 10.31.40.8, 10.31.40.4, 0, 0.0004131, 0, 0, 0, 0, 0.0004131, 0.0004139, 0.0000008, 8, -1, 0.0004139, 0.0004139, 0, 0,0.00000132,
 108, msg02, 10.31.40.3, 10.31.40.2, 0, 0.0004221, 0, 0, 0, 0, 0.0004221, 0.00042282, 0.00000072, 7.2, -1, 0.00042282, 0.00042282, 0, 0,0.00000126,
 109, msg03, 10.31.40.4, 10.31.40.3, 0, 0.0004251, 0, 0, 0, 0, 0.0004251, 0.00042606, 0.00000096, 9.6, -1, 0.00042606, 0.00042606, 0, 0,0.00000151,
 110, msg02, 10.31.40.3, 10.31.40.2, 0, 0.0004321, 0, 0, 0, 0, 0.0004321, 0.00043282, 0.00000072, 7.2, -1, 0.00043282, 0.00043282, 0, 0,0.00000124,
 111, msg03, 10.31.40.4, 10.31.40.3, 0, 0.0004351, 0, 0, 0, 0, 0.0004351, 0.00043606, 0.00000096, 9.6, -1, 0.00043606, 0.00043606, 0, 0,0.00000150,
 113, msg02, 10.31.40.3, 10.31.40.2, 0, 0.0004421, 0, 0, 0, 0, 0.0004421, 0.00044354, 0.00000144, 7.2, -1, 0.00044354, 0.00044354, 0, 0,0.00000198,
 112, msg05, 10.31.40.6, 10.31.40.1, 0, 0.0004421, 0, 0, 0, 0, 0.0004421, 0.00044386, 0.00000176, 8.8, -1, 0.00044386, 0.00044386, 0, 0,0.00000228,
 114, msg06, 10.31.40.8, 10.31.40.4, 0, 0.0004431, 0, 0, 0, 0, 0.0004431, 0.00044428, 0.00000118, 8, -1, 0.00044428, 0.00044428, 0, 0,0.00000172,
 116, msg01, 10.31.40.1, 10.31.40.6, 0, 0.0004521, 0, 0, 0, 0, 0.0004521, 0.00045274, 0.00000064, 6.4, -1, 0.00045274, 0.00045274, 0, 0,0.00000118,
 115, msg02, 10.31.40.3, 10.31.40.2, 0, 0.0004521, 0, 0, 0, 0, 0.0004521, 0.00045282, 0.00000072, 7.2, -1, 0.00045282, 0.00045282, 0, 0,0.00000127,
 117, msg06, 10.31.40.8, 10.31.40.4, 0, 0.0004531, 0, 0, 0, 0, 0.0004531, 0.0004539, 0.0000008, 8, -1, 0.0004539, 0.0004539, 0, 0,0.00000136,
 118, msg04, 10.31.40.5, 10.31.40.7, 0, 0.0004561, 0, 0, 0, 0, 0.0004561, 0.00045682, 0.00000072, 7.2, -1, 0.00045682, 0.00045682, 0, 0,0.00000123,
 119, msg02, 10.31.40.3, 10.31.40.2, 0, 0.0004621, 0, 0, 0, 0, 0.0004621, 0.00046282, 0.00000072, 7.2, -1, 0.00046282, 0.00046282, 0, 0,0.00000126,
 120, msg04, 10.31.40.5, 10.31.40.7, 0, 0.0004661, 0, 0, 0, 0, 0.0004661, 0.00046682, 0.00000072, 7.2, -1, 0.00046682, 0.00046682, 0, 0,0.00000128,
 121, msg02, 10.31.40.3, 10.31.40.2, 0, 0.0004721, 0, 0, 0, 0, 0.0004721, 0.00047282, 0.00000072, 7.2, -1, 0.00047282, 0.00047282, 0, 0,0.00000122,
 123, msg02, 10.31.40.3, 10.31.40.2, 0, 0.0004821, 0, 0, 0, 0, 0.0004821, 0.00048354, 0.00000144, 7.2, -1, 0.00048354, 0.00048354, 0, 0,0.00000197,
 122, msg05, 10.31.40.6, 10.31.40.1, 0, 0.0004821, 0, 0, 0, 0, 0.0004821, 0.00048386, 0.00000176, 8.8, -1, 0.00048386, 0.00048386, 0, 0,0.00000234,
 124, msg06, 10.31.40.8, 10.31.40.4, 0, 0.0004831, 0, 0, 0, 0, 0.0004831, 0.00048428, 0.00000118, 8, -1, 0.00048428, 0.00048428, 0, 0,0.00000169,
 125, msg03, 10.31.40.4, 10.31.40.3, 0, 0.0004851, 0, 0, 0, 0, 0.0004851, 0.00048606, 0.00000096, 9.6, -1, 0.00048606, 0.00048606, 0, 0,0.00000148,
 126, msg02, 10.31.40.3, 10.31.40.2, 0, 0.0004921, 0, 0, 0, 0, 0.0004921, 0.00049282, 0.00000072, 7.2, -1, 0.00049282, 0.00049282, 0, 0,0.00000127,
 127, msg06, 10.31.40.8, 10.31.40.4, 0, 0.0004931, 0, 0, 0, 0, 0.0004931, 0.0004939, 0.0000008, 8, -1, 0.0004939, 0.0004939, 0, 0,0.00000134,
 128, msg03, 10.31.40.4, 10.31.40.3, 0, 0.0004951, 0, 0, 0, 0, 0.0004951, 0.00049606, 0.00000096, 9.6, -1, 0.00049606, 0.00049606, 0, 0,0.00000152,
 130, msg01, 10.31.40.1, 10.31.40.6, 0, 0.0005021, 0, 0, 0, 0, 0.0005021, 0.00050274, 0.00000064, 6.4, -1, 0.00050274, 0.00050274, 0, 0,0.00000118,
 129, msg02, 10.31.40.3, 10.31.40.2, 0, 0.0005021, 0, 0, 0, 0, 0.0005021, 0.00050282, 0.00000072, 7.2, -1, 0.00050282, 0.00050282, 0, 0,0.00000125,
 131, msg02, 10.31.40.3, 10.31.40.2, 0, 0.0005121, 0, 0, 0, 0, 0.0005121, 0.00051282, 0.00000072, 7.2, -1, 0.00051282, 0.00051282, 0, 0,0.00000127,
 133, msg02, 10.31.40.3, 10.31.40.2, 0, 0.0005221, 0, 0, 0, 0, 0.0005221, 0.00052354, 0.00000144, 7.2, -1, 0.00052354, 0.00052354, 0, 0,0.00000201,
 132, msg05, 10.31.40.6, 10.31.40.1, 0, 0.0005221, 0, 0, 0, 0, 0.0005221, 0.00052386, 0.00000176, 8.8, -1, 0.00052386, 0.00052386, 0, 0,0.00000232,
 134, msg06, 10.31.40.8, 10.31.40.4, 0, 0.0005231, 0, 0, 0, 0, 0.0005231, 0.00052428, 0.00000118, 8, -1, 0.00052428, 0.00052428, 0, 0,0.00000174,
 135, msg02, 10.31.40.3, 10.31.40.2, 0, 0.0005321, 0, 0, 0, 0, 0.0005321, 0.00053282, 0.00000072, 7.2, -1, 0.00053282, 0.00053282, 0, 0,0.00000125,
 136, msg06, 10.31.40.8, 10.31.40.4, 0, 0.0005331, 0, 0, 0, 0, 0.0005331, 0.0005339, 0.0000008, 8, -1, 0.0005339, 0.0005339, 0, 0,0.00000136,
 137, msg02, 10.31.40.3, 10.31.40.2, 0, 0.0005421, 0, 0, 0, 0, 0.0005421, 0.00054282, 0.00000072, 7.2, -1, 0.00054282, 0.00054282, 0, 0,0.00000125,
 138, msg03, 10.31.40.4, 10.31.40.3, 0, 0.0005451, 0, 0, 0, 0, 0.0005451, 0.00054606, 0.00000096, 9.6, -1, 0.00054606, 0.00054606, 0, 0,0.00000152,
 139, msg04, 10.31.40.5, 10.31.40.7, 0, 0.0005461, 0, 0, 0, 0, 0.0005461, 0.00054682, 0.00000072, 7.2, -1, 0.00054682, 0.00054682, 0, 0,0.00000127,
 141, msg01, 10.31.40.1, 10.31.40.6, 0, 0.0005521, 0, 0, 0, 0, 0.0005521, 0.00055274, 0.00000064, 6.4, -1, 0.00055274, 0.00055274, 0, 0,0.00000115,
 140, msg02, 10.31.40.3, 10.31.40.2, 0, 0.0005521, 0, 0, 0, 0, 0.0005521, 0.00055282, 0.00000072, 7.2, -1, 0.00055282, 0.00055282, 0, 0,0.00000125,
 142, msg03, 10.31.40.4, 10.31.40.3, 0, 0.0005551, 0, 0, 0, 0, 0.0005551, 0.00055606, 0.00000096, 9.6, -1, 0.00055606, 0.00055606, 0, 0,0.00000150,
 143, msg04, 10.31.40.5, 10.31.40.7, 0, 0.0005561, 0, 0, 0, 0, 0.0005561, 0.00055682, 0.00000072, 7.2, -1, 0.00055682, 0.00055682, 0, 0,0.00000126,
 145, msg02, 10.31.40.3, 10.31.40.2, 0, 0.0005621, 0, 0, 0, 0, 0.0005621, 0.00056354, 0.00000144, 7.2, -1, 0.00056354, 0.00056354, 0, 0,0.00000195,
 144, msg05, 10.31.40.6, 10.31.40.1, 0, 0.0005621, 0, 0, 0, 0, 0.0005621, 0.00056386, 0.00000176, 8.8, -1, 0.00056386, 0.00056386, 0, 0,0.00000234,
 146, msg06, 10.31.40.8, 10.31.40.4, 0, 0.0005631, 0, 0, 0, 0, 0.0005631, 0.00056428, 0.00000118, 8, -1, 0.00056428, 0.00056428, 0, 0,0.00000170,
 147, msg02, 10.31.40.3, 10.31.40.2, 0, 0.0005721, 0, 0, 0, 0, 0.0005721, 0.00057282, 0.00000072, 7.2, -1, 0.00057282, 0.00057282, 0, 0,0.00000122,
 148, msg06, 10.31.40.8, 10.31.40.4, 0, 0.0005731, 0, 0, 0, 0, 0.0005731, 0.0005739, 0.0000008, 8, -1, 0.0005739, 0.0005739, 0, 0,0.00000134,
 149, msg02, 10.31.40.3, 10.31.40.2, 0, 0.0005821, 0, 0, 0, 0, 0.0005821, 0.00058282, 0.00000072, 7.2, -1, 0.00058282, 0.00058282, 0, 0,0.00000126,
 150, msg02, 10.31.40.3, 10.31.40.2, 0, 0.0005921, 0, 0, 0, 0, 0.0005921, 0.00059282, 0.00000072, 7.2, -1, 0.00059282, 0.00059282, 0, 0,0.00000123,
 153, msg01, 10.31.40.1, 10.31.40.6, 0, 0.0006021, 0, 0, 0, 0, 0.0006021, 0.00060274, 0.00000064, 6.4, -1, 0.00060274, 0.00060274, 0, 0,0.00000116,
 152, msg02, 10.31.40.3, 10.31.40.2, 0, 0.0006021, 0, 0, 0, 0, 0.0006021, 0.00060354, 0.00000144, 7.2, -1, 0.00060354, 0.00060354, 0, 0,0.00000203,
 151, msg05, 10.31.40.6, 10.31.40.1, 0, 0.0006021, 0, 0, 0, 0, 0.0006021, 0.00060386, 0.00000176, 8.8, -1, 0.00060386, 0.00060386, 0, 0,0.00000237,
 154, msg06, 10.31.40.8, 10.31.40.4, 0, 0.0006031, 0, 0, 0, 0, 0.0006031, 0.00060428, 0.00000118, 8, -1, 0.00060428, 0.00060428, 0, 0,0.00000171,
 155, msg03, 10.31.40.4, 10.31.40.3, 0, 0.0006051, 0, 0, 0, 0, 0.0006051, 0.00060606, 0.00000096, 9.6, -1, 0.00060606, 0.00060606, 0, 0,0.00000148,
 156, msg02, 10.31.40.3, 10.31.40.2, 0, 0.0006121, 0, 0, 0, 0, 0.0006121, 0.00061282, 0.00000072, 7.2, -1, 0.00061282, 0.00061282, 0, 0,0.00000122,
 157, msg06, 10.31.40.8, 10.31.40.4, 0, 0.0006131, 0, 0, 0, 0, 0.0006131, 0.0006139, 0.0000008, 8, -1, 0.0006139, 0.0006139, 0, 0,0.00000136,
 158, msg03, 10.31.40.4, 10.31.40.3, 0, 0.0006151, 0, 0, 0, 0, 0.0006151, 0.00061606, 0.00000096, 9.6, -1, 0.00061606, 0.00061606, 0, 0,0.00000152,
 159, msg02, 10.31.40.3, 10.31.40.2, 0, 0.0006221, 0, 0, 0, 0, 0.0006221, 0.00062282, 0.00000072, 7.2, -1, 0.00062282, 0.00062282, 0, 0,0.00000124,
 160, msg02, 10.31.40.3, 10.31.40.2, 0, 0.0006321, 0, 0, 0, 0, 0.0006321, 0.00063282, 0.00000072, 7.2, -1, 0.00063282, 0.00063282, 0, 0,0.00000124,
 161, msg04, 10.31.40.5, 10.31.40.7, 0, 0.0006361, 0, 0, 0, 0, 0.0006361, 0.00063682, 0.00000072, 7.2, -1, 0.00063682, 0.00063682, 0, 0,0.00000124,
 163, msg02, 10.31.40.3, 10.31.40.2, 0, 0.0006421, 0, 0, 0, 0, 0.0006421, 0.00064354, 0.00000144, 7.2, -1, 0.00064354, 0.00064354, 0, 0,0.00000203,
 162, msg05, 10.31.40.6, 10.31.40.1, 0, 0.0006421, 0, 0, 0, 0, 0.0006421, 0.00064386, 0.00000176, 8.8, -1, 0.00064386, 0.00064386, 0, 0,0.00000235,
 164, msg06, 10.31.40.8, 10.31.40.4, 0, 0.0006431, 0, 0, 0, 0, 0.0006431, 0.00064428, 0.00000118, 8, -1, 0.00064428, 0.00064428, 0, 0,0.00000169,
 165, msg04, 10.31.40.5, 10.31.40.7, 0, 0.0006461, 0, 0, 0, 0, 0.0006461, 0.00064682, 0.00000072, 7.2, -1, 0.00064682, 0.00064682, 0, 0,0.00000126,
 167, msg01, 10.31.40.1, 10.31.40.6, 0, 0.0006521, 0, 0, 0, 0, 0.0006521, 0.00065274, 0.00000064, 6.4, -1, 0.00065274, 0.00065274, 0, 0,0.00000119,
 166, msg02, 10.31.40.3, 10.31.40.2, 0, 0.0006521, 0, 0, 0, 0, 0.0006521, 0.00065282, 0.00000072, 7.2, -1, 0.00065282, 0.00065282, 0, 0,0.00000124,
 168, msg06, 10.31.40.8, 10.31.40.4, 0, 0.0006531, 0, 0, 0, 0, 0.0006531, 0.0006539, 0.0000008, 8, -1, 0.0006539, 0.0006539, 0, 0,0.00000136,
 169, msg02, 10.31.40.3, 10.31.40.2, 0, 0.0006621, 0, 0, 0, 0, 0.0006621, 0.00066282, 0.00000072, 7.2, -1, 0.00066282, 0.00066282, 0, 0,0.00000128,
 170, msg03, 10.31.40.4, 10.31.40.3, 0, 0.0006651, 0, 0, 0, 0, 0.0006651, 0.00066606, 0.00000096, 9.6, -1, 0.00066606, 0.00066606, 0, 0,0.00000153,
 171, msg02, 10.31.40.3, 10.31.40.2, 0, 0.0006721, 0, 0, 0, 0, 0.0006721, 0.00067282, 0.00000072, 7.2, -1, 0.00067282, 0.00067282, 0, 0,0.00000125,
 172, msg03, 10.31.40.4, 10.31.40.3, 0, 0.0006751, 0, 0, 0, 0, 0.0006751, 0.00067606, 0.00000096, 9.6, -1, 0.00067606, 0.00067606, 0, 0,0.00000148,
 173, msg02, 10.31.40.3, 10.31.40.2, 0, 0.0006821, 0, 0, 0, 0, 0.0006821, 0.00068354, 0.00000144, 7.2, -1, 0.00068354, 0.00068354, 0, 0,0.00000204,
 174, msg05, 10.31.40.6, 10.31.40.1, 0, 0.0006821, 0, 0, 0, 0, 0.0006821, 0.00068386, 0.00000176, 8.8, -1, 0.00068386, 0.00068386, 0, 0,0.00000234,
 175, msg06, 10.31.40.8, 10.31.40.4, 0, 0.0006831, 0, 0, 0, 0, 0.0006831, 0.00068428, 0.00000118, 8, -1, 0.00068428, 0.00068428, 0, 0,0.00000175,
 176, msg02, 10.31.40.3, 10.31.40.2, 0, 0.0006921, 0, 0, 0, 0, 0.0006921, 0.00069282, 0.00000072, 7.2, -1, 0.00069282, 0.00069282, 0, 0,0.00000126,
 177, msg06, 10.31.40.8, 10.31.40.4, 0, 0.0006931, 0, 0, 0, 0, 0.0006931, 0.0006939, 0.0000008, 8, -1, 0.0006939, 0.0006939, 0, 0,0.00000135,
 179, msg01, 10.31.40.1, 10.31.40.6, 0, 0.0007021, 0, 0, 0, 0, 0.0007021, 0.00070274, 0.00000064, 6.4, -1, 0.00070274, 0.00070274, 0, 0,0.00000119,
 178, msg02, 10.31.40.3, 10.31.40.2, 0, 0.0007021, 0, 0, 0, 0, 0.0007021, 0.00070282, 0.00000072, 7.2, -1, 0.00070282, 0.00070282, 0, 0,0.00000124,
 180, msg02, 10.31.40.3, 10.31.40.2, 0, 0.0007121, 0, 0, 0, 0, 0.0007121, 0.00071282, 0.00000072, 7.2, -1, 0.00071282, 0.00071282, 0, 0,0.00000123,
 181, msg02, 10.31.40.3, 10.31.40.2, 0, 0.0007221, 0, 0, 0, 0, 0.0007221, 0.00072354, 0.00000144, 7.2, -1, 0.00072354, 0.00072354, 0, 0,0.00000196,
 182, msg05, 10.31.40.6, 10.31.40.1, 0, 0.0007221, 0, 0, 0, 0, 0.0007221, 0.00072386, 0.00000176, 8.8, -1, 0.00072386, 0.00072386, 0, 0,0.00000234,
 183, msg06, 10.31.40.8, 10.31.40.4, 0, 0.0007231, 0, 0, 0, 0, 0.0007231, 0.00072428, 0.00000118, 8, -1, 0.00072428, 0.00072428, 0, 0,0.00000170,
 184, msg03, 10.31.40.4, 10.31.40.3, 0, 0.0007251, 0, 0, 0, 0, 0.0007251, 0.00072606, 0.00000096, 9.6, -1, 0.00072606, 0.00072606, 0, 0,0.00000147,
 185, msg04, 10.31.40.5, 10.31.40.7, 0, 0.0007261, 0, 0, 0, 0, 0.0007261, 0.00072682, 0.00000072, 7.2, -1, 0.00072682, 0.00072682, 0, 0,0.00000123,
 186, msg02, 10.31.40.3, 10.31.40.2, 0, 0.0007321, 0, 0, 0, 0, 0.0007321, 0.00073282, 0.00000072, 7.2, -1, 0.00073282, 0.00073282, 0, 0,0.00000123,
 187, msg06, 10.31.40.8, 10.31.40.4, 0, 0.0007331, 0, 0, 0, 0, 0.0007331, 0.0007339, 0.0000008, 8, -1, 0.0007339, 0.0007339, 0, 0,0.00000136,
 188, msg03, 10.31.40.4, 10.31.40.3, 0, 0.0007351, 0, 0, 0, 0, 0.0007351, 0.00073606, 0.00000096, 9.6, -1, 0.00073606, 0.00073606, 0, 0,0.00000149,
 189, msg04, 10.31.40.5, 10.31.40.7, 0, 0.0007361, 0, 0, 0, 0, 0.0007361, 0.00073682, 0.00000072, 7.2, -1, 0.00073682, 0.00073682, 0, 0,0.00000123,
 190, msg02, 10.31.40.3, 10.31.40.2, 0, 0.0007421, 0, 0, 0, 0, 0.0007421, 0.00074282, 0.00000072, 7.2, -1, 0.00074282, 0.00074282, 0, 0,0.00000128,
 192, msg01, 10.31.40.1, 10.31.40.6, 0, 0.0007521, 0, 0, 0, 0, 0.0007521, 0.00075274, 0.00000064, 6.4, -1, 0.00075274, 0.00075274, 0, 0,0.00000117,
 191, msg02, 10.31.40.3, 10.31.40.2, 0, 0.0007521, 0, 0, 0, 0, 0.0007521, 0.00075282, 0.00000072, 7.2, -1, 0.00075282, 0.00075282, 0, 0,0.00000128,
 194, msg02, 10.31.40.3, 10.31.40.2, 0, 0.0007621, 0, 0, 0, 0, 0.0007621, 0.00076354, 0.00000144, 7.2, -1, 0.00076354, 0.00076354, 0, 0,0.00000202,
 193, msg05, 10.31.40.6, 10.31.40.1, 0, 0.0007621, 0, 0, 0, 0, 0.0007621, 0.00076386, 0.00000176, 8.8, -1, 0.00076386, 0.00076386, 0, 0,0.00000234,
 195, msg06, 10.31.40.8, 10.31.40.4, 0, 0.0007631, 0, 0, 0, 0, 0.0007631, 0.00076428, 0.00000118, 8, -1, 0.00076428, 0.00076428, 0, 0,0.00000168,
 196, msg02, 10.31.40.3, 10.31.40.2, 0, 0.0007721, 0, 0, 0, 0, 0.0007721, 0.00077282, 0.00000072, 7.2, -1, 0.00077282, 0.00077282, 0, 0,0.00000125,
 197, msg06, 10.31.40.8, 10.31.40.4, 0, 0.0007731, 0, 0, 0, 0, 0.0007731, 0.0007739, 0.0000008, 8, -1, 0.0007739, 0.0007739, 0, 0,0.00000136,
 198, msg02, 10.31.40.3, 10.31.40.2, 0, 0.0007821, 0, 0, 0, 0, 0.0007821, 0.00078282, 0.00000072, 7.2, -1, 0.00078282, 0.00078282, 0, 0,0.00000127,
 199, msg03, 10.31.40.4, 10.31.40.3, 0, 0.0007851, 0, 0, 0, 0, 0.0007851, 0.00078606, 0.00000096, 9.6, -1, 0.00078606, 0.00078606, 0, 0,0.00000148,
 200, msg02, 10.31.40.3, 10.31.40.2, 0, 0.0007921, 0, 0, 0, 0, 0.0007921, 0.00079282, 0.00000072, 7.2, -1, 0.00079282, 0.00079282, 0, 0,0.00000125,
 201, msg03, 10.31.40.4, 10.31.40.3, 0, 0.0007951, 0, 0, 0, 0, 0.0007951, 0.00079606, 0.00000096, 9.6, -1, 0.00079606, 0.00079606, 0, 0,0.00000149,
 204, msg01, 10.31.40.1, 10.31.40.6, 0, 0.0008021, 0, 0, 0, 0, 0.0008021, 0.00080274, 0.00000064, 6.4, -1, 0.00080274, 0.00080274, 0, 0,0.00000117,
 203, msg02, 10.31.40.3, 10.31.40.2, 0, 0.0008021, 0, 0, 0, 0, 0.0008021, 0.00080354, 0.00000144, 7.2, -1, 0.00080354, 0.00080354, 0, 0,0.00000202,
 202, msg05, 10.31.40.6, 10.31.40.1, 0, 0.0008021, 0, 0, 0, 0, 0.0008021, 0.00080386, 0.00000176, 8.8, -1, 0.00080386, 0.00080386, 0, 0,0.00000235,
 205, msg06, 10.31.40.8, 10.31.40.4, 0, 0.0008031, 0, 0, 0, 0, 0.0008031, 0.00080428, 0.00000118, 8, -1, 0.00080428, 0.00080428, 0, 0,0.00000174,
 206, msg02, 10.31.40.3, 10.31.40.2, 0, 0.0008121, 0, 0, 0, 0, 0.0008121, 0.00081282, 0.00000072, 7.2, -1, 0.00081282, 0.00081282, 0, 0,0.00000124,
 207, msg06, 10.31.40.8, 10.31.40.4, 0, 0.0008131, 0, 0, 0, 0, 0.0008131, 0.0008139, 0.0000008, 8, -1, 0.0008139, 0.0008139, 0, 0,0.00000133,
 208, msg04, 10.31.40.5, 10.31.40.7, 0, 0.0008161, 0, 0, 0, 0, 0.0008161, 0.00081682, 0.00000072, 7.2, -1, 0.00081682, 0.00081682, 0, 0,0.00000123,
 209, msg02, 10.31.40.3, 10.31.40.2, 0, 0.0008221, 0, 0, 0, 0, 0.0008221, 0.00082282, 0.00000072, 7.2, -1, 0.00082282, 0.00082282, 0, 0,0.00000125,
 210, msg04, 10.31.40.5, 10.31.40.7, 0, 0.0008261, 0, 0, 0, 0, 0.0008261, 0.00082682, 0.00000072, 7.2, -1, 0.00082682, 0.00082682, 0, 0,0.00000127,
 211, msg02, 10.31.40.3, 10.31.40.2, 0, 0.0008321, 0, 0, 0, 0, 0.0008321, 0.00083282, 0.00000072, 7.2, -1, 0.00083282, 0.00083282, 0, 0,0.00000126,
 212, msg02, 10.31.40.3, 10.31.40.2, 0, 0.0008421, 0, 0, 0, 0, 0.0008421, 0.00084354, 0.00000144, 7.2, -1, 0.00084354, 0.00084354, 0, 0,0.00000194,
 213, msg05, 10.31.40.6, 10.31.40.1, 0, 0.0008421, 0, 0, 0, 0, 0.0008421, 0.00084386, 0.00000176, 8.8, -1, 0.00084386, 0.00084386, 0, 0,0.00000232,
 214, msg06, 10.31.40.8, 10.31.40.4, 0, 0.0008431, 0, 0, 0, 0, 0.0008431, 0.00084428, 0.00000118, 8, -1, 0.00084428, 0.00084428, 0, 0,0.00000169,
 215, msg03, 10.31.40.4, 10.31.40.3, 0, 0.0008451, 0, 0, 0, 0, 0.0008451, 0.00084606, 0.00000096, 9.6, -1, 0.00084606, 0.00084606, 0, 0,0.00000147,
 217, msg01, 10.31.40.1, 10.31.40.6, 0, 0.0008521, 0, 0, 0, 0, 0.0008521, 0.00085274, 0.00000064, 6.4, -1, 0.00085274, 0.00085274, 0, 0,0.00000116,
 216, msg02, 10.31.40.3, 10.31.40.2, 0, 0.0008521, 0, 0, 0, 0, 0.0008521, 0.00085282, 0.00000072, 7.2, -1, 0.00085282, 0.00085282, 0, 0,0.00000128,
 218, msg06, 10.31.40.8, 10.31.40.4, 0, 0.0008531, 0, 0, 0, 0, 0.0008531, 0.0008539, 0.0000008, 8, -1, 0.0008539, 0.0008539, 0, 0,0.00000136,
 219, msg03, 10.31.40.4, 10.31.40.3, 0, 0.0008551, 0, 0, 0, 0, 0.0008551, 0.00085606, 0.00000096, 9.6, -1, 0.00085606, 0.00085606, 0, 0,0.00000147,
 220, msg02, 10.31.40.3, 10.31.40.2, 0, 0.0008621, 0, 0, 0, 0, 0.0008621, 0.00086282, 0.00000072, 7.2, -1, 0.00086282, 0.00086282, 0, 0,0.00000125,
 221, msg02, 10.31.40.3, 10.31.40.2, 0, 0.0008721, 0, 0, 0, 0, 0.0008721, 0.00087282, 0.00000072, 7.2, -1, 0.00087282, 0.00087282, 0, 0,0.00000122,
 222, msg02, 10.31.40.3, 10.31.40.2, 0, 0.0008821, 0, 0, 0, 0, 0.0008821, 0.00088354, 0.00000144, 7.2, -1, 0.00088354, 0.00088354, 0, 0,0.00000201,
 223, msg05, 10.31.40.6, 10.31.40.1, 0, 0.0008821, 0, 0, 0, 0, 0.0008821, 0.00088386, 0.00000176, 8.8, -1, 0.00088386, 0.00088386, 0, 0,0.00000234,
 224, msg06, 10.31.40.8, 10.31.40.4, 0, 0.0008831, 0, 0, 0, 0, 0.0008831, 0.00088428, 0.00000118, 8, -1, 0.00088428, 0.00088428, 0, 0,0.00000169,
 225, msg02, 10.31.40.3, 10.31.40.2, 0, 0.0008921, 0, 0, 0, 0, 0.0008921, 0.00089282, 0.00000072, 7.2, -1, 0.00089282, 0.00089282, 0, 0,0.00000124,
 226, msg06, 10.31.40.8, 10.31.40.4, 0, 0.0008931, 0, 0, 0, 0, 0.0008931, 0.0008939, 0.0000008, 8, -1, 0.0008939, 0.0008939, 0, 0,0.00000133,
 228, msg01, 10.31.40.1, 10.31.40.6, 0, 0.0009021, 0, 0, 0, 0, 0.0009021, 0.00090274, 0.00000064, 6.4, -1, 0.00090274, 0.00090274, 0, 0,0.00000117,
 227, msg02, 10.31.40.3, 10.31.40.2, 0, 0.0009021, 0, 0, 0, 0, 0.0009021, 0.00090282, 0.00000072, 7.2, -1, 0.00090282, 0.00090282, 0, 0,0.00000123,
 229, msg03, 10.31.40.4, 10.31.40.3, 0, 0.0009051, 0, 0, 0, 0, 0.0009051, 0.00090606, 0.00000096, 9.6, -1, 0.00090606, 0.00090606, 0, 0,0.00000150,
 230, msg04, 10.31.40.5, 10.31.40.7, 0, 0.0009061, 0, 0, 0, 0, 0.0009061, 0.00090682, 0.00000072, 7.2, -1, 0.00090682, 0.00090682, 0, 0,0.00000122,
 231, msg02, 10.31.40.3, 10.31.40.2, 0, 0.0009121, 0, 0, 0, 0, 0.0009121, 0.00091282, 0.00000072, 7.2, -1, 0.00091282, 0.00091282, 0, 0,0.00000122,
 232, msg03, 10.31.40.4, 10.31.40.3, 0, 0.0009151, 0, 0, 0, 0, 0.0009151, 0.00091606, 0.00000096, 9.6, -1, 0.00091606, 0.00091606, 0, 0,0.00000149,
 233, msg04, 10.31.40.5, 10.31.40.7, 0, 0.0009161, 0, 0, 0, 0, 0.0009161, 0.00091682, 0.00000072, 7.2, -1, 0.00091682, 0.00091682, 0, 0,0.00000126,
 235, msg02, 10.31.40.3, 10.31.40.2, 0, 0.0009221, 0, 0, 0, 0, 0.0009221, 0.00092354, 0.00000144, 7.2, -1, 0.00092354, 0.00092354, 0, 0,0.00000200,
 234, msg05, 10.31.40.6, 10.31.40.1, 0, 0.0009221, 0, 0, 0, 0, 0.0009221, 0.00092386, 0.00000176, 8.8, -1, 0.00092386, 0.00092386, 0, 0,0.00000233,
 236, msg06, 10.31.40.8, 10.31.40.4, 0, 0.0009231, 0, 0, 0, 0, 0.0009231, 0.00092428, 0.00000118, 8, -1, 0.00092428, 0.00092428, 0, 0,0.00000176,
 237, msg02, 10.31.40.3, 10.31.40.2, 0, 0.0009321, 0, 0, 0, 0, 0.0009321, 0.00093282, 0.00000072, 7.2, -1, 0.00093282, 0.00093282, 0, 0,0.00000125,
 238, msg06, 10.31.40.8, 10.31.40.4, 0, 0.0009331, 0, 0, 0, 0, 0.0009331, 0.0009339, 0.0000008, 8, -1, 0.0009339, 0.0009339, 0, 0,0.00000135,
 239, msg02, 10.31.40.3, 10.31.40.2, 0, 0.0009421, 0, 0, 0, 0, 0.0009421, 0.00094282, 0.00000072, 7.2, -1, 0.00094282, 0.00094282, 0, 0,0.00000125,
 241, msg01, 10.31.40.1, 10.31.40.6, 0, 0.0009521, 0, 0, 0, 0, 0.0009521, 0.00095274, 0.00000064, 6.4, -1, 0.00095274, 0.00095274, 0, 0,0.00000120,
 240, msg02, 10.31.40.3, 10.31.40.2, 0, 0.0009521, 0, 0, 0, 0, 0.0009521, 0.00095282, 0.00000072, 7.2, -1, 0.00095282, 0.00095282, 0, 0,0.00000124,
 242, msg02, 10.31.40.3, 10.31.40.2, 0, 0.0009621, 0, 0, 0, 0, 0.0009621, 0.00096354, 0.00000144, 7.2, -1, 0.00096354, 0.00096354, 0, 0,0.00000202,
 243, msg05, 10.31.40.6, 10.31.40.1, 0, 0.0009621, 0, 0, 0, 0, 0.0009621, 0.00096386, 0.00000176, 8.8, -1, 0.00096386, 0.00096386, 0, 0,0.00000231,
 244, msg06, 10.31.40.8, 10.31.40.4, 0, 0.0009631, 0, 0, 0, 0, 0.0009631, 0.00096428, 0.00000118, 8, -1, 0.00096428, 0.00096428, 0, 0,0.00000169,
 245, msg03, 10.31.40.4, 10.31.40.3, 0, 0.0009651, 0, 0, 0, 0, 0.0009651, 0.00096606, 0.00000096, 9.6, -1, 0.00096606, 0.00096606, 0, 0,0.00000151,
 246, msg02, 10.31.40.3, 10.31.40.2, 0, 0.0009721, 0, 0, 0, 0, 0.0009721, 0.00097282, 0.00000072, 7.2, -1, 0.00097282, 0.00097282, 0, 0,0.00000126,
 247, msg06, 10.31.40.8, 10.31.40.4, 0, 0.0009731, 0, 0, 0, 0, 0.0009731, 0.0009739, 0.0000008, 8, -1, 0.0009739, 0.0009739, 0, 0,0.00000135,
 248, msg03, 10.31.40.4, 10.31.40.3, 0, 0.0009751, 0, 0, 0, 0, 0.0009751, 0.00097606, 0.00000096, 9.6, -1, 0.00097606, 0.00097606, 0, 0,0.00000151,
 249, msg02, 10.31.40.3, 10.31.40.2, 0, 0.0009821, 0, 0, 0, 0, 0.0009821, 0.00098282, 0.00000072, 7.2, -1, 0.00098282, 0.00098282, 0, 0,0.00000128,
 250, msg02, 10.31.40.3, 10.31.40.2, 0, 0.0009921, 0, 0, 0, 0, 0.0009921, 0.00099282, 0.00000072, 7.2, -1, 0.00099282, 0.00099282, 0, 0,0.00000123,
 251, msg04, 10.31.40.5, 10.31.40.7, 0, 0.0009961, 0, 0, 0, 0, 0.0009961, 0.00099682, 0.00000072, 7.2, -1, 0.00099682, 0.00099682, 0, 0,0.00000128,
 254, msg01, 10.31.40.1, 10.31.40.6, 0, 0.0010021, 0, 0, 0, 0, 0.0010021, 0.00100274, 0.00000064, 6.4, -1, 0.00100274, 0.00100274, 0, 0,0.00000117,
 253, msg02, 10.31.40.3, 10.31.40.2, 0, 0.0010021, 0, 0, 0, 0, 0.0010021, 0.00100354, 0.00000144, 7.2, -1, 0.00100354, 0.00100354, 0, 0,0.00000200,
 252, msg05, 10.31.40.6, 10.31.40.1, 0, 0.0010021, 0, 0, 0, 0, 0.0010021, 0.00100386, 0.00000176, 8.8, -1, 0.00100386, 0.00100386, 0, 0,0.00000229,
 255, msg06, 10.31.40.8, 10.31.40.4, 0, 0.0010031, 0, 0, 0, 0, 0.0010031, 0.00100428, 0.00000118, 8, -1, 0.00100428, 0.00100428, 0, 0,0.00000171,
 256, msg04, 10.31.40.5, 10.31.40.7, 0, 0.0010061, 0, 0, 0, 0, 0.0010061, 0.00100682, 0.00000072, 7.2, -1, 0.00100682, 0.00100682, 0, 0,0.00000123,
