<?xml version="1.0" encoding="UTF-8"?>
<AppInfo RleaseDate="27/01/2021 21:52:29" ICDVerison="BP2.3.1">
  <!-- application中， Name为必填项，表示应用名； IpAddress为必填项，表示给容器赋的ip； ComputeTime为必填项，表示应用运行一个周期的平均时间； RequiredMemorySize为必填项，表示应用需求的内存； CpuRequest为选填项，单位为m, 1000表示需要占有一个cpu核，默认为1000； Period为必填项，表示应用周期间隔时长-->
  <Application Name="HF_SM_1" Guid="ae81b5196-ef76-4ff7-ae74-a679628280f5a" PartitionId="1" IpAddress="10.31.40.1" Hardware="" ComputeTime="90" Period="100" RequiredMemorySize="10000" MacAddress="XXX" CPU="1" Core="1">
    <TxPort Name="HF_SM_1_A" Guid="a76e6a012-ec88-4b23-b125-d8f8f215d22ea" Direction="Source" PortId="521" GID="1" QueueLength="2" BufType="ONE_BUF_TYPE" ConnectType="RELIBLE" RefreshPeriod="50">
      <Message Name="MSG_HF_SM_1_A" Guid="a522af81d-b2b5-4d39-856c-e2db383b50d9a" MessageType="RDMA/TCP/UDP" MessageSize="100" TransmissionIntervalMinimum="50" Reliability="1" Period="25" QPType="UD/RC" QPN="" Priority="0/1/2/3">
        <RxPort Name="RX_HF_SM_1_A" Guid="ae3306b45-2fb9-48d4-bc4c-bff457c1c939a" AppName="HF_SM_2" Direction="Destination" Hardware="" MacAddress="XXX" CPU="XXX" Core="1" GID="1" IpAddress="10.31.40.2" PartitionId="1" QueueLength="2" BufType="ONE_BUF_TYPE" ConnectType="RELIBLE" RecvMode="INTERUPT" RefreshPeriod="50" />
      </Message>
    </TxPort>
  </Application>
  <Application Name="HF_SM_2" Guid="ae81b5196-ef76-4ff7-ae74-a679628280f5b" PartitionId="1" IpAddress="10.31.40.2" Hardware="" ComputeTime="11" Period="13" RequiredMemorySize="10000" MacAddress="XXX" CPU="1" Core="1" />
  <Application Name="HF_SM_3" Guid="ae81b5196-ef76-4ff7-ae74-a679628280f5c" PartitionId="1" IpAddress="10.31.40.3" Hardware="" ComputeTime="45" Period="50" RequiredMemorySize="20000" MacAddress="XXX" CPU="1" Core="1" />
  <Application Name="HF_SM_4" Guid="ae81b5196-ef76-4ff7-ae74-a679628280f5d" PartitionId="1" IpAddress="10.31.40.4" Hardware="" ComputeTime="70" Period="80" RequiredMemorySize="30000" MacAddress="XXX" CPU="1" Core="1" />
  <Application Name="HF_SM_5" Guid="ae81b5196-ef76-4ff7-ae74-a679628280f5e" PartitionId="1" IpAddress="10.31.40.5" Hardware="" ComputeTime="105" Period="120" RequiredMemorySize="60000" MacAddress="XXX" CPU="1" Core="1" />
  <Application Name="HF_SM_6" Guid="ae81b5196-ef76-4ff7-ae74-a679628280f5f" PartitionId="1" IpAddress="10.31.40.6" Hardware="" ComputeTime="35" Period="40" RequiredMemorySize="60000" MacAddress="XXX" CPU="1" Core="1" />
  <Application Name="HF_SM_7" Guid="ae81b5196-ef76-4ff7-ae74-a679628280f5g" PartitionId="1" IpAddress="10.31.40.7" Hardware="" ComputeTime="35" Period="40" RequiredMemorySize="60000" MacAddress="XXX" CPU="1" Core="1" />
  <Application Name="HF_SM_8" Guid="ae81b5196-ef76-4ff7-ae74-a679628280f5h" PartitionId="1" IpAddress="10.31.40.8" Hardware="" ComputeTime="35" Period="40" RequiredMemorySize="60000" MacAddress="XXX" CPU="1" Core="1" />
  <!--Name为child.ref的应用必须在Name为parent.ref的应用运行完成后再运行-->
  <child ref="HF_SM_1">
    <parent ref="HF_SM_2" />
    <parent ref="HF_SM_3" />
    <parent ref="HF_SM_4" />
    <parent ref="HF_SM_5" />
    <parent ref="HF_SM_6" />
  </child>
  <child ref="HF_SM_7">
    <parent ref="HF_SM_2" />
    <parent ref="HF_SM_3" />
    <parent ref="HF_SM_4" />
    <parent ref="HF_SM_5" />
    <parent ref="HF_SM_6" />
  </child>
  <child ref="HF_SM_8">
    <parent ref="HF_SM_7" />
    <parent ref="HF_SM_1" />
  </child>
</AppInfo>
